{
  "TC_02": {
    "id": "e3be2fba15a2452cb28bf1b08bd7",
    "emailAddress": "pratyush.gupta@takeda.com",
    "firstName": "Suzuki",
    "lastName": "Snow",
    "typeRetail": false,
    "typeInstitutional": false,
    "typeOther": false,
    "typeMedia": true,
    "company": "NetStreet",
    "prefPressRelease": false,
    "prefQE": false,
    "prefEvents": false,
    "prefStories": false,
    "language": "JP"
  },
  "TC_01": {
  "id": "11",
  "name": "testuser",
  "username": "testuser",
  "email": "testuser@gmail.com",
  "address": {
    "street": "12133",
    "suite": "11",
    "city": "Bellevue",
    "zipcode": "98005"
  }

  },
  "TC_03":{
  "name": "morpheus",
  "job": "leader"
},"TC_04":{

}
}