[
    {
        "test_case_id": "TC_02",
        "url": "https://api-us-aws-uat2.takeda.com/uat/gca-investorsignup-api/v1/investor/signup",
        "method": "POST",
        "status": 201,
        "headers": "{'client_id': '6fbe28135b1c4e10a0b10dccb21889f3', 'client_secret': '7a35C5150CE7404CAeF0492274024ef8'}",
        "TC_02": {
            "id": "e3be2fba15a2452cb28bf1b08bd7",
            "emailAddress": "pratyush.gupta@takeda.com",
            "firstName": "Suzuki",
            "lastName": "Snow",
            "typeRetail": false,
            "typeInstitutional": false,
            "typeOther": false,
            "typeMedia": true,
            "company": "NetStreet",
            "prefPressRelease": false,
            "prefQE": false,
            "prefEvents": false,
            "prefStories": false,
            "language": "JP"
        }
    },
    {
        "test_case_id": "TC_01",
        "url": "https://jsonplaceholder.typicode.com/users",
        "method": "POST",
        "status": 201,
        "headers": null,
        "TC_01": {
            "id": "11",
            "name": "testuser",
            "username": "testuser",
            "email": "testuser@gmail.com",
            "address": {
                "street": "12133",
                "suite": "11",
                "city": "Bellevue",
                "zipcode": "98005"
            }
        }
    },
    {
        "test_case_id": "TC_03",
        "url": "https://reqres.in/api/users",
        "method": "POST",
        "status": 201,
        "headers": null,
        "TC_03": {
            "name": "morpheus",
            "job": "leader"
        }
    },
    {
        "test_case_id": "TC_04",
        "url": "https://api-us-aws-uat2.takeda.com/uat/gca-investorsignup-api/v1/investor/signup",
        "method": "POST",
        "status": 401,
        "headers": null,
        "TC_04": {}
    }
]