{
  "Feature": "Post Call",
  "Scenario": "Create User details",
  "url": "https://api-us-aws-dev.takeda.com/dev/gca-investorsignup-api/v1/investor/signup",
  "method": "POST",
  "status": 200,
  "id": "e3be2fba15a2452cb28bf1b08bd7",
  "emailAddress": "pratyush.gupta@takeda.com",
  "firstName": "Suzuki",
  "lastName": "Snow",
  "typeRetail": false,
  "typeInstitutional": false,
  "typeOther": false,
  "typeMedia": false,
  "company": "NetStreet",
  "prefPressRelease": false,
  "prefQE": false,
  "prefEvents": false,
  "prefStories": false,
  "language": "JP"

}